Model,Average Reward
checkpoint_1000_22584.pth,-808.8250992063282
checkpoint_1000_22585.pth,-1273.774414682535
checkpoint_1000_22586.pth,-715.051800011865
checkpoint_1000_22587.pth,-932.0425396825216
checkpoint_1000_22588.pth,-594.5323564421676
checkpoint_100_22584.pth,-803.5477480158526
